N,P,K,humidity,ph,rainfall,label
84,25,52,81.2514818,6.12532356,44.20899581,10
89,11,47,94.65343534,6.327822962000001,27.8659442,11
18,55,23,56.31006755,6.98571967,136.82743119999998,2
111,53,19,78.02763149,6.419536555,84.63148859,15
30,37,25,80.14487166,7.120032489,54.7960127,4
59,58,17,66.31394098,7.368318809,62.83469851,5
75,53,18,59.4375337,6.864793607,103.651438,1
30,41,15,44.17085032,5.88509677,52.0810886,3
117,25,54,92.50969311,6.150686363999999,29.11187663,11
28,10,30,91.14723422,6.305740522000001,192.7678575,14
85,9,53,92.86798698,6.447662945,28.78654515,11
11,74,17,69.92375891,6.633864582,46.6352865,6
105,95,50,83.67675197,5.849076099,101.0494791,8
18,20,26,51.98594645,5.435840509,89.98024312,9
80,18,51,91.81758779,6.706053225,20.76582087,11
25,68,19,64.25510719,7.1084501210000015,67.47677295,5
140,38,15,75.88298598,6.021439523,69.91563467,15
86,40,39,88.16513579,6.207459637,175.60866969999995,16
89,83,47,77.79586769,5.63127166,109.5408614,8
101,31,26,69.71184111,6.861235184,158.86088869999998,17
114,27,48,93.03555162,6.528404377999999,26.32405487,11
117,51,15,78.71555832,6.044556594,99.75336197,15
117,76,47,77.38229006,6.119216009,93.10247183,8
3,23,30,95.65754365,6.078807239,215.1968037,14
103,72,51,81.81365007,6.099478745,104.4812858,8
79,45,43,79.15532398,7.171054239,187.1735424,16
72,51,40,74.09956958,7.422318499,199.4766779,16
77,36,37,81.46033732,6.136131869,194.5766559,0
19,24,15,93.72485075,7.137136973,111.83919509999998,12
36,55,20,84.34262707,6.635968697999999,55.296354,4
67,59,41,80.97384195,6.012632591,213.3560921,0
4,18,37,85.40695044,7.13147457,106.2817706,7
101,87,54,76.50045221,6.376756632999999,100.1692639,8
102,46,19,82.5993307,6.631005298,81.49543437,15
39,9,15,91.81183218,7.992041984,116.7555937,12
111,40,25,84.44932014,6.187455798999999,90.94342484,15
16,6,29,91.95614918,5.868285082000001,132.1491176,14
66,53,19,60.11593810000001,6.033550195,65.49730729,1
24,45,19,48.8246387,5.9523849570000005,34.7426459,3
114,30,51,90.06998135,6.069171847000001,25.93496537,11
28,67,21,63.73086065,6.250994222999999,46.62370222,6
116,36,25,58.52534263,6.172090205,156.6810374,17
65,62,51,90.87394933,6.5116248410000015,207.0735119,13
34,59,23,83.24855855,6.935804256,56.48265193,4
95,26,45,94.55695552,6.117530021,28.16057247,11
4,20,41,93.7974061,6.537042717,104.5375109,7
39,52,53,94.65904123,6.704204398,51.07048113,13
81,56,36,72.60512854,7.097586415,174.78764109999997,16
8,45,18,85.42058715,7.011030515,43.25095608,4
140,45,15,80.04662756,5.801047545,99.39557151,15
5,68,20,61.33186249,5.001038726,139.8710041,2
102,71,48,79.28693687,5.695267822000001,102.4633775,8
82,18,48,94.16748386,6.1590508160000015,26.70581328,11
99,54,37,80.33502926,5.5948196260000005,198.6730942,0
111,5,52,94.0371147,6.135996372,21.0000988,11
71,52,18,55.97732754,5.790770202999999,78.16077693,1
39,24,14,90.90343769,7.189259647,106.0711985,12
94,5,55,91.89216849,6.085682343999999,26.88372572,11
81,6,55,85.87059083,6.110142735,51.70699144,10
15,11,38,92.68328358,6.630646082999999,109.3930157,7
133,50,25,81.19666206,7.569454601,99.93100821,15
82,22,45,85.34866045,6.512196212,54.60159289,10
87,48,38,80.94023552,7.161865733,190.312216,16
9,8,40,89.9224883,6.553509673,111.6631582,7
23,75,25,47.19847683,7.077170002000001,91.31256412,2
91,25,26,66.99765375,7.482414225,180.5059257,17
103,16,49,81.64075303,6.915717008,51.75212401,10
33,37,19,86.5543196,7.183189922,43.4826194,4
110,25,54,90.78413842,6.425930938,23.44398467,11
30,25,31,98.62048026,5.804965067,208.1181381,14
20,68,17,60.11680815,6.578714842999999,71.72980375,5
7,60,25,82.76020821,6.397636709,56.04995423,4
109,10,53,87.8274604,6.5517503060000015,46.06193778,10
5,18,14,93.48447453,7.434118807000001,119.1709113,12
107,71,55,83.96754496,6.088064451,117.229079,8
80,26,55,88.989272,6.140099215,49.11618732,10
2,39,15,82.9116472,6.478557136,49.61865305,4
26,18,30,51.08494181,6.336234623999999,96.59816497,9
56,50,52,92.25197542,6.770384816,88.1300769,13
92,35,40,80.33127223,6.3573893660000005,200.0882787,0
0,19,31,94.38420565,6.271952832999999,178.7297725,14
16,70,20,40.1242747,5.6093956,121.5639121,2
37,18,30,99.34854917,6.38488418,157.91715369999997,14
82,13,52,94.86907886,6.442810053,26.51924782,11
35,64,15,63.53604453,6.500144962,69.5274407,5
83,79,55,83.34688193,5.565028635,98.66679427,8
91,21,50,81.44030363,6.762030215,48.32113628,10
95,74,50,80.47152737,6.002481605,110.10323,8
102,73,52,83.36307683,6.356090905,90.24211529,8
18,5,11,90.93756231,6.251586885,102.4550786,12
38,38,18,61.18749126,6.294130312999999,35.73403813,3
0,29,32,98.3670985,5.868255858,171.65163959999995,14
36,59,46,93.61082872,6.721130542999999,127.2509777,13
101,13,54,82.91481799,6.828982708,56.34144589,10
110,15,48,92.86597437,6.2125672110000005,27.598717800000006,11
91,35,39,80.41817957,6.970859754,206.2611855,0
31,20,30,54.01352682,6.207495815,91.88766069,9
24,18,6,94.45239715,6.285312759,116.3796525,12
87,28,35,57.1621814,6.759211911,152.0616227,17
76,56,39,89.89106506,6.551130445,197.1220049,16
118,40,35,58.50650238,7.460174812000001,121.5586297,17
14,18,30,52.13797867,5.191265116,95.74606104,9
71,56,37,86.20899734,6.491506245,176.103677,16
21,6,41,89.39686219,7.086947687,107.1951707,7
28,79,16,60.26854183,6.0521848810000005,53.12442925,6
36,61,21,39.04468913,5.617008201,168.5948318,2
92,40,30,55.18792166,6.026287448,171.6976946,17
62,56,35,81.65769588,6.235357637999999,163.3488091,16
103,27,31,51.59100753,6.691541233,126.1752206,17
33,77,15,66.32102048,7.802212437,40.74536757,6
34,38,31,45.58110023,6.454045329,97.41586402,9
14,67,25,60.85993533,7.241151936,49.37369982,6
30,7,15,91.06053924,7.825531916,115.7659902,12
8,6,33,93.64761266,6.095261012999999,171.9457959,14
75,49,15,71.50905983,5.918263801,102.4852929,1
66,54,21,60.200168700000006,5.919045532,72.12375573,1
3,78,18,68.65257685,6.887130053,50.89732989,6
111,79,53,75.77363772,6.165001277999999,119.695765,8
25,65,21,68.59232289,6.880245789,69.24464096,5
55,67,16,69.69366426,6.596719015,70.27184748,5
94,54,17,61.74427165,5.871647806,107.3198135,1
39,5,31,93.69979946,5.551963184,150.9502632,14
20,27,41,92.51675903,5.700088663,110.5764023,7
45,57,47,90.78821158,6.656458831,161.68920930000004,13
92,75,45,77.95192527,5.674403358999999,90.43495443,8
10,59,15,89.30428305,6.32400451,58.86687093,4
129,47,20,80.80343786,6.281913857999999,98.60457373,15
2,24,34,54.80750249,6.472774648,94.76322976,9
30,75,25,42.35249879,6.446091759,149.299952,2
60,57,24,61.55327249,6.1212940410000005,75.03247667,1
4,19,43,93.14554876,5.7794274020000005,106.3602023,7
2,51,17,45.96341933,5.838508699,38.53254678,3
113,38,25,79.47270984,7.388265887999999,90.42224164,15
38,15,27,48.50387598,6.777788126,92.26439205,9
107,11,54,91.33617236,6.094016337999999,29.44008034,11
23,55,16,69.69141302,5.111488821,185.2039114,2
6,68,18,62.50453062,6.711341147000001,47.26052494,6
134,56,18,83.91902605,6.691268104,70.97358303,15
65,37,40,83.59512273,5.333322606,188.413665,0
50,47,48,90.61964344,6.712772332999999,218.2299187,13
40,64,47,93.47888842,6.893509446,71.73759526,13
63,58,47,90.75379971,6.864143752,144.66564440000005,13
93,83,46,83.50423735,5.765308943,109.2486647,8
110,7,45,84.69546874,6.189213927000001,48.32428609,10
14,22,9,91.13772765,6.543191814,112.50905159999998,12
72,41,36,86.84264005,6.065898282999999,152.9801697,16
110,78,50,78.89864446,5.915568968,98.21747528,8
84,51,35,80.64416466,6.043304899,197.9791215,0
50,55,16,65.33538112,7.581442888,62.26242533,5
131,56,20,81.83896111,7.762647875,92.23645249,15
10,71,18,66.34777265,6.151029296,173.11069819999997,2
34,54,24,41.55934359,5.026003659,68.80141783,3
91,24,55,83.09194521,6.259086582999999,46.76837499,10
73,45,21,73.58868502,6.636803222999999,96.59195302,1
35,18,26,50.84881347,5.279388967,97.38741498,9
83,45,21,58.75082029,5.716222912,79.75328959999999,1
91,55,15,72.61024172,6.376651091,78.96159541,1
122,48,16,75.6350708,6.307585854,61.82980133,15
6,13,9,90.56151463,7.786725333,118.32719679999998,12
7,11,32,95.11294697,5.542169138999999,184.7624496,14
97,29,27,54.36976075,7.205078785,139.8619431,17
33,60,15,81.67085323,6.510840928,56.51103293,4
21,63,17,68.17543102,6.559681838,41.45486619,6
95,7,45,90.80015308,6.031665834,25.09484511,11
106,16,54,91.69532178,6.585872508,24.7458198,11
120,7,47,83.03687902,6.653867608,54.76576239999999,10
12,20,39,86.19740917,6.026999326,111.0217929,7
21,51,15,89.1886954,6.679127482,48.30159325,4
18,19,29,92.48519606,6.206077742000001,162.8432736,14
9,57,24,89.71503316,7.165121108999998,42.99498978,4
111,41,18,78.1258666,6.10539819,80.96157332,15
118,50,19,82.33733678,6.360812227,66.48339303,15
31,53,16,85.81675947,6.452006451,48.54598575,4
25,76,17,68.63525428,7.241148507,62.3061735,5
35,72,21,64.28791388,7.741418772,66.85510868,5
16,55,19,47.19188279,6.413543781,192.4372194,2
20,77,23,38.83786012,5.180271502,148.25027859999997,2
40,9,41,85.4017118,5.78270695,106.128338,7
19,30,30,91.40896307,5.826381164,224.83157290000003,14
31,29,26,47.40519056,5.024124683999999,97.76832322,9
99,50,15,71.09445342,5.573286437,88.07753741,1
95,57,41,73.65346838,6.434610995,184.7674863,16
103,33,33,50.50148528,7.131435858,126.8073984,17
39,65,23,69.12613376,7.685959305,41.02682925,6
20,7,45,89.24126808,6.077886012,112.4750941,7
43,50,48,91.37059792,6.63016515,179.27208069999998,13
22,67,22,64.49166566,7.475926645,54.93937710000001,6
99,38,21,71.59722446,6.352471866,67.72777298,1
6,8,11,92.39651663,6.600948787999999,119.6946577,12
133,47,24,79.19732001,7.231324765,90.8022356,15
21,78,19,66.76017239,6.92009048,69.85112265,5
31,13,33,95.48763389,5.85971872,205.5463111,14
81,45,35,80.12267476,6.158376967000001,218.9163567,0
100,76,45,75.94067692,5.590236025,102.7867717,8
32,78,22,62.35557553,7.007037515,53.40906048,6
22,68,16,63.20915034,7.74672376,37.46160727,6
53,67,17,69.01852894,7.296972161,61.46892873,5
33,12,8,90.31153735,6.822282114,117.36952959999998,12
5,21,38,90.3396556,6.107054807999999,112.459697,7
89,47,38,72.24850829,6.002524871,151.8869972,16
24,80,19,69.0854554,6.8080417220000005,65.66436565,5
41,74,18,61.02701476,6.599147297999999,73.37686831,5
13,57,25,86.20681554,6.86308576,50.47333854,4
28,27,32,93.00109012,5.764615485,191.7723087,14
3,63,16,61.18458224,6.868881707999999,53.13946695,6
53,74,15,64.94329356,7.517097,72.17818157,5
94,50,19,73.62548442,5.873242491,97.59081274,1
100,40,35,54.41094079,6.9557873510000015,177.816092,17
39,78,15,62.60136323,5.925391795,41.78219834,6
117,19,55,91.78336933,6.121745389,25.16359891,11
40,70,20,45.03186173,5.623490042999999,147.03614419999997,2
14,57,15,83.14796296,6.623438282,40.12044158,4
31,58,15,60.19461399,6.167855382000001,45.36521251,6
38,68,54,90.81781439,6.739170045,202.0572747,13
96,86,51,76.98740841,6.257369799,91.99964712,8
1,6,35,95.71935435,6.231662767,147.16824590000004,14
59,55,19,62.51007687,7.332375138,68.97097538,5
107,36,21,75.66653335,6.205263534,62.64174227,15
92,81,52,81.4654833,6.438137278999998,94.31102057,8
4,20,25,47.94053996,5.664587011,99.9834242,9
82,75,55,78.48738349999998,6.281069505,92.15524332,8
31,62,52,93.00754254,6.99104104,182.026807,13
6,9,12,90.14362642,7.028746406000002,109.6894658,12
9,56,17,66.7729209,6.261937875,46.48280681,6
102,73,54,84.41007614,5.720726906,111.0162259,8
112,54,15,81.56641891,6.1754923060000015,76.88582484,15
29,17,29,95.66997327,5.959493188,211.2506267,14
118,12,47,92.17444796,6.010739645,28.94766949,11
26,67,16,67.90577375,7.17620823,67.83345933,5
4,23,5,93.36348717,7.477935216,110.3332655,12
84,57,25,67.99257471,6.489040367,64.40866039,1
37,6,13,91.50819306,7.511755067999999,101.2847738,12
11,60,23,88.50229102,7.033012777000001,51.09802625,4
25,57,24,58.59986279,6.974978386,36.94255012,3
81,34,30,62.26244581,6.6477659970000005,135.0119649,17
40,30,35,91.07776977,6.269663962999999,104.4407083,7
39,37,15,83.78911515,6.821747052,59.84499208,4
99,6,45,86.5507939,6.000975617000001,40.71210074,10
33,75,21,68.93875631,6.690655045,62.30278274,5
100,18,52,80.38266489,6.87606733,56.47941847,10
70,42,43,76.66724969,6.508342839,157.1215052,16
100,48,16,67.22190688,5.54990242,74.51490791,1
90,52,25,69.36385721,6.822586546,103.2234212,1
39,17,45,90.42177379,6.9244907310000015,104.88188999999998,7
32,41,16,61.39451307,7.702287236,68.54877876,3
121,45,22,81.30681027,6.443785385,64.23026638,15
0,5,36,90.88612388,6.152906502,105.529185,7
97,35,26,53.74144743,6.334610249,166.2549307,17
32,76,15,63.49802189,7.604110177000001,43.35795377,6
20,60,25,69.09047809,6.726469087999999,61.19250859,5
29,67,21,63.38789228,6.621323612,63.02169909,5
93,56,42,82.22572988,7.382762603,195.0948311,0
12,29,40,89.75272999,6.594037135,111.2818551,7
113,21,33,55.83288958,7.277422737999999,176.90209240000004,17
117,30,50,87.20772913,6.744966312000001,46.59207341,10
48,62,47,93.02871078,6.803094965,174.40123369999995,13
10,5,42,91.08706822,6.887005997,109.2537734,7
39,73,24,61.18235808,7.22405917,69.28607828,5
99,39,18,68.30578978,6.11275104,87.85092352,1
27,74,20,59.96669215,5.8598134160000015,91.95792434,2
72,41,36,80.57226761,6.187746776,176.8604109,16
24,61,17,65.44544859,6.233269045,38.30411077,6
32,66,17,65.26774011,7.162357641,70.1415139,5
34,45,21,82.60629652,6.2873801170000005,37.01110438,4
13,28,33,95.64807631,5.686972967000001,151.0761899,14
4,80,16,68.01965728,7.441976825,44.93261911,6
105,60,23,77.21705554,6.207652157,87.54004943,15
99,73,53,81.06003778,5.8717022110000014,118.6730366,8
83,25,53,80.04678201,6.057697106,57.72799157,10
4,36,22,86.13316408,7.012740397000001,43.80041104,4
11,40,23,63.04749127,5.80428611,50.1978269,3
112,87,48,77.39706290000002,6.200111067999999,99.46950465,8
13,61,24,69.6897615,7.629910252999999,49.39111479,6
4,44,19,83.52706038,6.921993877999999,43.25726752,4
89,53,44,71.91711523,7.319735475,150.2498675,16
68,69,52,92.74501561,6.813383387000001,52.95477913,13
31,51,25,85.57019009999998,7.196774236,53.01899249,4
29,8,28,91.72546257,6.100429497,214.4128874,14
22,60,18,61.28633405,6.74398035,41.7704893,6
12,19,31,52.66319725,5.566704378,91.87312479,9
23,6,33,92.73041222,6.025789594,204.9603677,14
43,61,20,61.61367264,6.804253866,63.51822045,5
26,24,34,52.23810152,6.811291098,89.74409017,9
40,29,42,89.01574455,7.104094929,110.6956184,7
63,43,17,65.47050802,6.807487794,71.3195307,1
39,64,53,91.07355541,6.598860305,208.3357976,13
9,21,32,53.56092806,5.870116071,95.94035356,9
0,36,26,51.25786185,5.101206389,96.38808001,9
67,58,39,80.54372813,5.453592032,220.1156708,0
31,11,45,86.88738076,6.034612928,107.6435771,7
61,41,44,82.11319791,6.537914957999999,159.92109340000005,16
6,13,29,99.96906006,5.832608027999999,201.8258633,14
35,74,22,62.96841833,6.898905799,42.87274897,6
60,58,37,79.1188943,6.067302109,171.4892533,16
70,65,52,93.12659793,6.583528529,75.95295,13
1,59,23,87.17649,7.184398832,43.78420984,4
9,11,8,94.39000473,6.559236744,111.78037340000002,12
48,57,54,90.20396783,6.617703177999999,126.8069869,13
131,35,18,82.24415809,7.0576933660000005,64.02949379,15
31,13,33,95.21224392,6.342463714,148.30036919999995,14
125,39,21,82.21276599,7.954629324,95.0191318,15
82,40,45,81.70476368,6.667633355,180.1237765,16
9,16,39,91.11927248,6.101198974,105.1834976,7
7,15,32,95.89739958,6.182232762000001,174.796583,14
5,32,33,52.58967710000001,5.842763773,93.36718816,9
107,10,49,89.00481725,6.755192025,45.24690619,10
116,38,34,50.04557009,6.020947179,183.468585,17
68,70,54,92.76039164,6.986228647000001,54.77830202,13
37,5,34,93.84150618,5.779032666,152.42387119999995,14
1,29,29,49.30347234,6.052026047000001,93.53197359,9
107,72,45,81.54448882,5.790768046,91.40508414,8
58,61,15,64.23364112,7.402891666,62.78730907,5
5,15,38,88.16779129,5.709380472,108.0756727,7
89,25,54,85.56967628,6.353107392999999,48.99390828,10
110,22,47,91.82172592,6.243673725,24.93861254,11
58,73,16,65.67718163,6.874142175,64.89517488,5
32,14,37,88.48567856,6.825256236,104.6843243,7
49,55,51,93.90560147,6.676578778,135.16945249999998,13
91,21,26,57.36469955,7.261313694,191.6549412,17
19,17,39,85.56083187,6.728599215,111.2787584,7
24,33,35,54.82257868,5.342866119,100.7586226,9
29,16,36,88.92944254,5.7403380020000006,102.860084,7
31,36,29,52.72170281,6.460542749,97.4611918,9
140,40,17,77.07598065,6.006085786,77.55176318,15
67,60,25,66.78627406,5.750254943,109.2162279,1
91,12,46,85.49938185,6.343942518,48.31219031,10
58,75,25,61.36669662,7.261791753,68.64685069,5
89,60,17,57.21025565,5.983952675,101.7004306,1
12,6,8,92.86773675,6.388617138,107.4142681,12
119,44,15,82.85975490000001,7.091992365,60.65381719,15
34,35,21,82.67639542,6.684381357,58.18713162,4
21,17,15,91.5473145,7.455991072000001,118.4901697,12
87,60,23,63.91281869,6.439071996,62.50351892,1
11,53,24,55.77264351,7.39389918,61.32935611,3
36,38,15,87.59810657,6.3206620120000006,57.99524359,4
18,17,31,45.16127859,5.667507706,93.75441586,9
57,60,17,67.88521396,7.504608385,73.58663968,5
76,39,24,55.64709899,6.995843776,64.23845455,1
16,8,9,91.28408653,7.601189842999999,111.2948115,12
34,11,10,94.59551226,7.36220835,115.1989301,12
91,13,47,92.43510994,6.14410903,27.95602304,11
37,77,20,68.70533022,7.080506001,51.02372773,6
76,49,42,84.47963372,5.206373153,196.95600080000003,0
29,71,18,62.13873825,6.410441476,53.46622584,6
30,44,16,82.89166381,6.442335592999999,50.91511275,4
64,35,23,61.89472002,5.680361037999999,63.03843397,1
102,11,47,92.78226196,6.504906978999999,27.14509034,11
120,24,47,89.4138489,6.260838965,58.54876687,10
94,89,48,84.51602322,5.653437902,111.0843029,8
20,19,35,50.62161586,6.113935087000001,98.00687989,9
39,37,25,45.61143594,6.953246506,98.28583013,9
107,12,46,93.61870344,6.559763394,27.56918621,11
14,69,19,63.68128841,7.239455147,52.39881209,6
18,66,22,67.55109024,6.347379185,47.89645224,6
29,72,24,36.67847052,6.962386495,162.5931264,2
38,72,21,49.4421345,5.902103172,186.5008581,2
83,23,55,83.89241484,6.463271076,43.97193745,10
75,56,18,62.35750641,5.696205468,60.95197486,1
22,55,20,69.96100028,7.423530351,61.16350463,5
7,56,23,40.00933429,5.545219232000001,55.50429227,3
5,24,40,93.87030088,6.297907578999999,104.6735454,7
118,88,51,79.49221962,6.201911642000001,100.6619171,8
89,25,34,63.65861483,7.184801627000001,129.8765443,17
111,28,26,64.47858698,6.937352845,192.7121236,17
9,48,22,87.09979549,6.402926221,49.50812624,4
26,18,27,92.90736493,5.836075368,142.1430003,14
37,62,17,69.84354028,7.121254928,74.62068748,5
109,26,45,90.38971208,6.224535448999998,21.58992507,11
40,45,20,57.69622912,6.878498176,38.34303462,3
24,30,11,94.51768464,6.601395755,113.25373,12
50,74,17,63.36085585,6.5408208,73.84949872,5
34,47,19,85.44815232,6.568795403999999,53.15223123,4
99,16,30,65.44340921,6.392791654,186.1728203,17
23,57,19,67.99803573,7.251000789,73.40452716,5
105,18,35,68.44030686,6.743417121,171.8839938,17
95,21,47,93.56161439,6.431970877,20.66127836,11
100,14,49,91.07574233,6.365956657999999,26.01909355,11
95,88,52,78.90085998,6.235461772000001,94.68180316,8
74,55,19,62.89366992,6.28886807,84.23613484,1
84,50,44,81.40633547,5.9353444060000005,182.6549356,0
121,36,24,81.69105088,7.352401887,99.36898373,15
67,60,38,78.53037059,7.16214284,162.2847429,16
72,42,43,80.90424543,6.352771037,181.2915605,16
92,81,52,76.52808057,5.891413895,103.7040783,8
24,14,33,93.27565685,6.366219551,218.5241851,14
83,7,45,90.73891887,6.704104127000001,25.33014238,11
13,74,25,61.09533545,6.461618577,44.23629285,6
114,94,53,76.8532006,6.190757458999999,118.6858263,8
83,60,36,80.14509262,6.903985986,200.834898,0
94,37,41,87.06071115,6.4635387070000005,179.1630865,16
6,72,15,66.70897237,7.670178119,54.49044154,6
89,22,52,86.10782926,6.217300786,53.14626213,10
32,56,18,65.84395319,7.135251532000001,46.05333124,6
36,65,16,64.1123333,7.692013657,50.17067771,6
125,60,17,84.51591287,6.785723961,80.36146974,15
109,23,25,68.48030408,7.00733163,194.8773479,17
110,39,18,75.39752705,7.766259768999999,63.88079866,15
29,22,40,89.73266695,6.145104401,107.6836871,7
12,80,19,65.21662467,5.962001484,36.10211371,6
78,46,42,78.45959697,7.095413294,155.3851533,16
17,58,20,85.91625451,6.42937879,39.23831035,4
71,46,40,82.1235421,7.236705436,191.9535738,0
26,51,25,52.62741529,7.792508067999999,55.21606732,3
111,88,55,78.34971537,5.505393832999999,96.45042585,8
51,56,18,64.2097765,6.706505915,70.86340755,5
80,43,16,71.59351368,6.657964753,66.71995467,1
99,29,55,91.46241065,6.660954816,26.48240255,11
31,40,22,86.16063492,6.365513634,53.35486977,4
111,6,53,88.59143088,6.313512998999999,46.06382209,10
118,15,45,84.20576992,6.538006356,48.01138482,10
34,6,30,97.00155491,5.948342571,171.7575545,14
21,38,20,63.56791363,5.794289715,62.20279647,3
6,48,24,84.61431076,6.790736339,48.48319335,4
25,12,26,95.67906668,6.436314406,134.83703480000003,14
114,27,28,57.93250202,7.162802357,192.8736822,17
56,75,15,60.06534859,7.152272256,66.37171179,5
24,53,17,89.07866095,6.421271178,57.65901369,4
74,40,40,83.12053888,6.386259977999999,169.33884650000005,16
88,52,39,88.07112278,6.880204617,154.6608736,16
89,58,35,82.09053379,6.096838784,167.0576456,16
39,30,38,87.59629625,6.965156737999999,108.065579,7
69,57,35,78.54340987,6.1868143920000005,186.2337571,16
22,23,44,89.31505137,6.1438746910000015,107.3416913,7
9,77,17,63.58337146,6.280725549,38.07659414,6
23,37,24,44.2252605,7.991902443,33.95825723,3
76,54,45,77.62976013,6.176618831,184.9800516,16
40,61,22,65.8108757,7.002216044,44.23913012,6
2,21,44,87.31290342,6.56893406,102.8013275,7
19,72,15,69.76112921,6.890760124,44.08562546,6
87,25,46,90.02696201,6.379690748,21.7508774,11
57,64,55,92.9585411,6.583760498999999,62.50689682,13
29,34,26,54.39416048,6.2739536760000005,89.29147581,9
6,47,18,80.28038146,6.715276662999999,40.16545979,4
91,7,52,83.46230461,6.405054243,56.39962921,10
11,36,31,51.77965917,6.47544932,100.2585673,9
25,17,40,87.74938524,6.608023872,111.28005159999998,7
26,18,42,89.64934166,6.910374919,108.22872759999998,7
39,60,21,63.59948557,6.97297656,64.72797143,5
86,79,45,82.69285419,5.80766417,99.20961514,8
28,46,16,84.96089355,6.664187809,45.91011391,4
16,18,26,91.81320717,5.568365926,145.54144130000003,14
20,62,18,64.98742947,7.366542647,61.91208707,5
10,79,18,55.46985938,5.624731337999999,184.6226709,2
3,69,23,63.18832976,7.299360767,42.96018627,6
100,24,28,57.72920846,7.101661011,195.7733251,17
40,51,17,86.12194568,6.860602782000001,50.01534317,4
13,17,45,92.65058936,7.159520979,106.2784673,7
100,32,26,57.53161469,6.043485685,124.2261737,17
83,94,47,81.10523402,6.469370954,112.1355384,8
14,59,22,67.89815262,6.76660668,46.90725077,6
24,42,23,82.35916228,6.428054409,44.01206619,4
74,46,45,88.36668522,6.025028997000001,189.4263485,16
23,24,32,46.16888595,5.630619901,93.30247448,9
20,41,20,89.4875022,7.073048264,50.9246554,4
112,28,54,85.05318563,6.738030547,55.29563514,10
99,6,46,94.22253035,6.39637861,28.98574189,11
74,39,23,65.77472881,6.78073637,88.17251033,1
26,35,31,53.05980465,5.339556562,98.05089394,9
27,22,29,92.17170353,6.000248647,145.41723869999996,14
0,49,18,87.93598094,6.990095452,41.82490236,4
102,25,50,92.91440379,6.099662369,20.36001144,11
107,31,31,52.97841162,6.766184468,153.12016440000005,17
90,48,45,71.31342851,6.509174788999999,153.63902119999997,16
105,74,45,81.38204104,6.098369122,119.218154,8
30,65,25,64.59457409,7.70650895,71.50569456,5
85,53,38,73.84186449,6.588017308,153.8990984,16
120,8,46,90.70937262,6.732834334,28.36535596,11
35,66,47,91.66232213,6.953439161,48.83810592,13
8,58,17,69.15640149,7.286049977999999,35.15426171,6
44,58,18,65.06601664,6.814410927999999,72.49507741,5
13,5,8,90.10522549,7.474710503,103.923226,12
31,25,12,90.03969587,7.016482298,111.7793889,12
93,20,50,93.22980899,6.448792688999999,24.34814338,11
88,29,51,88.94568335,6.095689937,48.45978627,10
104,80,54,81.33506906,5.879119455,110.1331182,8
18,23,8,93.43949693,6.41354791,101.4819888,12
104,26,30,62.65692638,6.410992833,148.6977358,17
101,17,55,87.1269128,6.451499763999999,44.63907691,10
5,77,19,66.68832981,6.242052013,175.9303271,2
17,73,18,34.51086611,5.632353113,197.3752649,2
98,27,27,51.29142534,7.238109556,197.6439711,17
32,12,30,98.08951196,5.579845008,218.080385,14
20,29,10,93.27189064,7.36549204,100.7896871,12
34,65,19,63.22011726,5.94239222,45.40277297,6
118,21,51,86.33904774,6.678805092,48.58241822,10
37,71,16,68.51966729,7.324863481,46.13833007,6
21,29,12,92.15987039,6.438668989,117.3688104,12
73,43,42,78.00774772,6.310699968,154.8238864,16
102,53,21,76.11021529,6.913678684,91.49697481,15
118,21,34,64.72543073,7.234258375,119.6324109,17
30,28,30,52.19331595,5.064613314,98.46768642,9
105,30,50,81.77527562,6.37620108,57.04147057,10
69,47,40,76.2403666,6.130136384,183.8270791,16
80,30,25,65.64381357,7.487266991,148.37712019999995,17
93,85,49,79.28625709,5.694243847,119.4765557,8
86,76,54,80.11585705,5.926824754,90.10978128,8
37,57,20,44.82069159,7.354286985,70.79934452,3
119,30,28,64.57578034,6.5052036960000015,163.62694960000005,17
8,50,21,89.11480590000002,6.218923893,50.49913241,4
100,17,48,94.29753295,6.367800632000001,26.52364146,11
62,49,37,82.85284045,7.479248124,166.13658859999995,16
18,23,44,89.61794165,6.184400085,105.64999070000002,7
90,86,55,84.15403614,5.644486582000001,97.55986676,8
95,75,50,75.26429821,5.623615687000001,118.2761894,8
80,90,47,79.35898915,6.21084479,107.3944717,8
99,56,17,73.13112261,6.234330356,71.07562236,1
89,60,19,66.69029010000001,5.913664501,78.06639649,1
85,33,25,52.50987966,6.910823945,189.0944824,17
120,40,33,54.30329632,6.73410539,115.1564012,17
70,47,17,70.4162444,6.600827017,104.1626147,1
0,27,38,89.90147027,6.7380162210000005,109.3905998,7
0,67,22,69.4073209,6.5937983870000005,51.56461082,6
40,24,25,50.44030129,5.445008416,95.8946444,9
82,29,35,52.24226285,6.246872394,156.15438980000005,17
86,36,24,72.89187265,5.787268394,73.33636055,1
2,24,38,91.63536236,5.922935513,111.9684622,7
118,18,52,90.83130708,6.562832807,20.76223014,11
40,5,32,96.7036223,5.981169595,143.533473,14
59,47,53,91.4618874,6.8506632320000005,47.271547,13
25,62,21,68.13999721,7.040056094,67.15096376,5
60,36,43,83.06310136,5.286203711000001,219.9048349,0
1,67,21,60.53657684,6.551577598,48.06491307,6
30,79,22,69.48515056,6.254216611,48.60449438,6
87,28,30,68.66257977,6.536676653,168.8383605,17
88,35,35,58.45742907,6.784460602,117.9389993,17
63,50,52,93.22642604,6.751747609,115.8163936,13
117,25,53,92.12543021,6.413927319,24.52020164,11
18,26,31,47.74916499,5.418475257000001,91.10190759,9
3,9,35,99.84671638,6.318552972999999,225.6323656,14
19,7,9,91.71369387,6.969883482999999,101.139435,12
0,19,33,95.23797989,6.234458417000001,204.7206567,14
44,77,21,61.3009051,7.326980454,61.83876146,5
30,60,21,62.4901206,5.457871272999999,182.2688175,2
27,8,30,98.29937782,6.008386282999999,221.2258168,14
102,24,54,90.93897939,6.698468621,22.81863447,11
93,26,27,56.46829641,7.288211994,137.70440469999997,17
19,53,22,80.4513142,6.852884642999999,42.83053902,4
134,52,18,76.59175937,7.994679507000001,76.13090645,15
33,47,46,93.96834049,6.839443833,209.4083305,13
84,40,42,73.35763537,6.704273839,186.6898282,16
26,15,6,94.78797376,6.912033409,108.0054343,12
3,9,45,89.61850203,6.535244251,104.617522,7
108,26,52,94.26765349,6.201797639,26.23838511,11
18,14,11,90.00621688,6.550814117000001,117.1311498,12
2,36,31,49.95955487,5.73171945,91.77522598,9
26,32,32,49.92963856,6.810186079,90.14047759,9
100,56,40,83.31240346,7.433313409,176.1516409,16
19,79,19,67.76252583,6.677262562,42.89509057,6
88,78,45,79.19588629,6.324270089,92.07835761,8
82,20,54,90.01506395,6.541150335,21.44532907,11
98,47,37,81.33265073,7.375482851,224.0581164,0
61,52,41,83.891805,6.880431223,204.8001847,0
117,32,34,52.12739421,6.758792552,127.1752928,17
127,37,18,76.30050373,7.041065585,91.9223468,15
97,74,45,78.51833782,5.677719902000001,113.1161095,8
86,55,21,59.64024162,6.803931519,109.7515385,1
32,11,31,93.31410447,6.205931637999999,134.84190690000003,14
55,77,22,62.99303471,7.76061831,64.77651469,5
4,59,25,81.94268594,6.227134139,54.62243308,4
136,36,24,80.41198458,7.59781958,90.07326633,15
43,68,20,66.17587668,7.497469256,69.43895491,5
36,7,37,86.35590206,5.782435567,108.3168858,7
37,62,22,61.62313345,7.397546271,49.78102578,6
38,51,52,90.78931681,6.927803911,78.85085502,13
78,48,22,63.10459626,5.588650585,70.43473609,1
110,28,46,88.04541346,6.49889585,51.26046418,10
103,51,20,84.14668447,7.0466074339999984,91.6389565,15
89,45,36,80.47476396,6.442475375,185.4974732,0
16,56,17,40.03262418,7.445444882999999,176.6165894,2
94,26,27,52.25738495,7.456460375,177.31761609999995,17
89,91,55,80.26173100000003,6.275572297999999,94.32961456,8
121,47,16,79.29573149,7.7232401510000015,72.49800885,15
30,13,25,91.48889469,6.413184638,164.9182225,14
74,48,17,60.27766379,6.430616465,69.21803098,1
99,41,36,82.74835604,6.738652179,182.5616319,0
0,25,14,91.97978938,6.361671475,116.450422,12
77,38,36,80.1923008,5.953933276,224.55501690000003,0
66,47,36,74.44070479999998,6.57256106,175.572958,16
38,55,19,38.23184742,5.864623352000001,198.8298806,2
30,20,38,93.16343942,7.058222596,110.0932899,7
37,11,36,85.56033312,6.710143266,106.9216033,7
40,63,18,67.66323804,6.74441168,63.02473185,5
52,58,16,61.14508627,7.167435834,71.36947525,5
5,45,21,88.00989267,6.487124217000001,43.05130077,4
106,10,49,92.00687531,6.350623739,20.21126747,11
114,40,23,81.13668716,6.7539780610000015,95.4262599,15
16,7,8,90.60901895,6.420457311,116.5084074,12
0,69,21,61.88321072,7.072923306,36.68284038,6
64,53,38,78.51063754,6.855362875,183.4065252,16
97,12,47,89.63667876,6.765094963999998,58.28697664,10
89,85,55,76.48541655,6.275384607,91.73358569,8
32,13,42,92.97527546,5.786058032000001,106.61905,7
25,7,35,99.18843684,5.55771171,189.67113490000003,14
104,18,30,60.39647474,6.779832611000002,140.9370415,17
17,30,27,90.79093862,5.894027065,205.5720367,14
34,60,16,64.24992106,7.322555222999999,63.85668948,5
119,90,48,79.59242542,5.986442306,118.2583441,8
103,33,25,55.74973320000001,6.911066044,139.5013171,17
72,60,25,69.0276233,5.773454729,88.10234397,1
82,26,47,93.46806467,6.565312652999999,24.20007242,11
80,52,39,76.85691248,7.165696848,197.2101782,16
9,38,25,50.34035336,5.497946899,100.3060719,9
1,48,24,85.60472562,6.232836962,59.03629954,4
39,25,36,94.99897537,5.567805185,107.6103211,7
42,61,22,62.28814857,7.418650668,70.23207557,5
81,41,38,83.72874389,7.5240800760000015,200.9133156,0
108,88,55,83.390039,5.891458107,113.8729798,8
23,75,17,64.00213929,7.198076286,48.28137482,6
109,29,28,60.51600210000001,6.724688502999999,194.1755471,17
16,65,16,62.45851612,6.078724107,50.6128521,6
77,55,43,75.99987588,6.663559451,193.71418280000003,16
35,48,15,87.45126690000002,6.981758362000001,55.03723979,4
17,29,26,93.28415295,6.071897347,195.4115025,14
88,50,40,79.95150917,7.0518224720000005,182.2582277,16
95,14,50,84.31756844,6.560443519,56.31866159,10
107,42,24,84.62978302,6.144631795,86.00758678,15
101,70,48,75.03193255,6.012696655,116.5531455,8
7,21,35,94.65830608,5.764812076,131.24514140000002,14
1,76,19,46.68746847,6.6695294160000005,177.3377996,2
14,41,17,88.48312598,7.085982325,36.45012824,4
36,26,26,51.0845903,6.814630246,95.23444287,9
34,9,36,86.34233767,6.276038961,110.4432293,7
8,26,26,91.64194826,5.702484758,212.867626,14
2,67,18,47.52980027,5.921666758,129.0064612,2
26,56,22,60.424786,7.011121216,52.60285259,6
77,57,21,73.80435276,6.550563822999999,79.74078719,1
33,73,23,59.38967583,5.985792703,103.3301803,2
82,78,46,84.97323747,5.738678895,110.4408803,8
7,31,27,47.59319575,6.524114355,94.67344737,9
6,7,7,94.47316879,7.199106204,113.9995146,12
22,17,5,90.72351622,6.945562889,102.835632,12
81,45,23,68.03449300000001,6.192360002999999,84.22969177,1
120,23,28,51.29043632,6.877799264,196.2736367,17
73,58,21,57.68272924,6.596060648,60.65171481,1
2,79,15,65.47227704,7.505283615,35.75107592,6
86,40,33,52.26311691,7.432322234,136.3027766,17
88,21,27,66.02411187,7.231166546,181.6368274,17
89,52,45,77.01222585,7.207457207999999,196.469984,16
107,43,18,81.53480799,6.745104394,65.54475812,15
86,26,27,52.89368299,6.081172981,192.4280381,17
120,19,49,84.26830701,6.762471628999998,56.45229202,10
95,82,48,83.31172003,5.719014989,92.78133617,8
23,7,34,91.52421214,5.852038202,134.1279669,14
90,50,44,73.48655995,6.253408852000001,171.4716375,16
108,33,31,66.76090123,7.393825704,144.6576424,17
8,54,20,80.77275974,7.034214276,38.7976407,4
108,36,19,77.51235009,7.238566893,64.61444234,15
37,38,32,45.53106268,5.417340525,91.55845821,9
126,38,23,83.63276077,6.176716425,88.43618918,15
32,57,22,87.50436797,6.769415887999999,44.56598352,4
4,24,43,88.1508343,7.199504273,109.8695196,7
102,14,52,89.64815231,6.51075991,57.74091817,10
98,26,52,90.69759008,6.150090898999999,28.69113835,11
105,14,50,87.68839820000002,6.419052193,59.65590798,10
89,52,42,81.45139295,6.14132902,196.6587013,16
108,60,17,76.75768356,6.558902588,97.76600619,15
107,45,25,83.55546146,7.2277455160000015,71.84080724,15
23,58,19,58.25204566,5.243634848999999,59.18953429,3
65,54,39,71.14782585,7.124571593,160.0889553,16
23,45,23,86.69133979,6.983130466,56.12443206,4
115,12,52,94.96218673,6.685553129,21.01796432,11
22,42,22,56.96640758,7.887658711,48.46797044,3
111,5,47,91.47355778,6.2744528110000015,21.17924769,11
80,18,52,91.14849627,6.484799661,24.05207925,11
102,49,21,84.84422454,6.253343655,89.799462,15
13,64,20,62.57526895,6.590571088,36.46946971,6
86,95,49,78.04602887,6.458714879,108.3957179,8
68,57,43,80.37979919,5.706943251,182.9043504,0
115,17,55,94.11878202,6.776533055,28.08253201,11
33,77,21,65.62971858,7.01285529,71.64631281,5
90,49,21,68.3584573,6.4725232870000005,74.05474936,1
5,13,37,89.7870345,5.648243648999999,103.3183074,7
70,36,42,80.72886384,6.9462098810000015,202.3838319,0
132,52,19,76.7433897,6.436691764,61.94626051,15
97,22,50,86.14585891,6.769893799999998,58.97878791,10
27,61,18,67.07780816,5.266227032,108.5090168,2
12,66,20,63.41785982,7.336117221,44.43177543,6
26,64,22,40.58227261,5.16516459,109.1821183,2
6,59,21,66.14007674,6.139215944,50.90994463,6
2,38,18,89.92908171,6.619891497999999,45.48591922,4
121,53,19,76.72621429,7.976889497999999,80.11272117,15
109,36,18,76.53237965,7.524707577,62.51388670000001,15
123,39,24,78.17952126,7.453106264,86.06411872,15
9,29,34,45.88744691,5.72742254,100.8124659,9
2,56,23,59.79023382,7.550090941,36.91852635,3
28,59,22,52.79913039,7.05181629,170.99198280000005,2
101,37,18,82.68738535,7.63737841,92.91915074,15
81,40,45,80.76238215,6.427726565,174.5071843,16
98,44,21,74.089114,6.524478032,107.4931917,1
98,35,18,74.82913698,6.252797547999999,91.76337172,1
27,56,20,87.11497805,6.41874299,51.53848218,4
11,34,32,49.40983294,6.831706773,97.55155537,9
22,38,31,53.06009323,5.8211060360000015,98.57025046,9
86,6,53,83.47202566,6.921847887999999,42.10681516,10
106,14,45,84.16390229,6.417011754,57.26773002,10
115,48,16,84.09229796,7.175934962,88.94245493,15
24,27,9,93.24688124,6.157135092000001,119.3936976,12
85,37,39,82.73685569,6.364134967999999,224.67572310000003,0
13,73,20,35.48885969,5.391560417999999,162.59277230000004,2
23,35,18,47.36534833,5.414492777,36.99362831,3
108,72,46,84.97849241,6.110844721,90.94554618,8
13,30,37,91.61793636,6.277148771,106.8685636,7
16,14,30,96.30484325,6.37466756,209.84539930000005,14
9,60,23,57.17377029,6.2760043360000015,64.25520357,3
68,62,50,92.76437927,6.977700268,197.5282582,13
47,63,16,67.10464369,6.661870999,72.50669768,5
122,40,17,81.31677618,6.854558957,80.03995829,15
92,85,51,81.08183635,5.740764682000001,108.8616474,8
113,37,20,79.04368718,7.393441155,97.10087029,15
100,6,53,93.92217834,6.105909623,23.66620626,11
36,29,13,90.91510525,7.829507245,109.7513927,12
52,65,20,66.15665137,6.814301033,68.83924882,5
34,65,47,93.71043692,6.833768535,191.7760562,13
90,86,52,81.95580471,5.793260262,119.08561709999998,8
25,59,19,83.6869203,6.626629798,43.95183726,4
35,71,17,66.35375127,6.931924962999999,198.1403003,2
16,80,20,56.67369054,7.3393209289999986,122.0146733,2
33,57,17,88.71782287,6.78415271,57.79863368,4
116,23,25,52.26994674,6.869720196,139.3670753,17
9,60,21,67.31323084,7.52178027,40.37113729,6
113,19,46,81.12122989,6.286387658,49.52320689,10
116,40,33,54.15319242,7.042089492000001,129.5481144,17
87,38,29,57.88370456,6.652642579,156.1457255,17
32,48,18,56.40226277,5.993513566,64.16167699,3
88,38,15,65.92195844,6.455116637000001,62.49190812,1
86,15,47,84.18406764,6.423898762,53.78929956,10
0,23,15,93.37488907,7.598729065,109.8585753,12
74,56,22,66.65952796,6.829199275,80.97573281,1
71,60,22,59.37147589,6.2048017,85.75692395,1
104,20,26,52.95261751,7.493191968,175.7260273,17
14,5,36,85.19098079,5.832525853,104.7693804,7
27,30,5,90.54608254,7.656978112000001,113.328978,12
37,23,12,90.50621806,6.395258356,113.1169398,12
21,31,32,51.42664176,5.254532213,90.29643888,9
116,25,50,92.92367701,6.088885814,28.70627683,11
123,50,16,75.53835214,6.498052108,70.65644296,15
79,59,17,63.73849998,6.644205485,108.5054416,1
11,46,24,89.80650642,6.459252023,56.52558045,4
117,26,30,67.96910852,7.079850922,115.2325531,17
107,22,54,90.84660317,6.630301421,21.61893763,11
106,49,24,76.47039772,6.983395572999999,90.64770699,15
84,18,46,93.42402083,6.781050372999999,25.32159689,11
24,70,21,45.3733757,5.517208078,132.7748215,2
48,61,21,61.69295127,6.628264883,65.62859526,5
105,88,54,84.51194224,6.020445317,114.2005455,8
117,24,53,92.21405224,6.293486295,21.30290472,11
93,22,48,91.52291141,6.776987974,21.90440445,11
8,26,36,87.4024767,6.804781106,102.5184759,7
12,58,23,63.39503184,6.765091462000001,50.43306085,6
0,65,24,62.44616219,7.841496029,53.14531023,6
9,59,25,60.16299493,7.699200949,35.37493212,3
10,56,16,81.04554836,6.828187498999998,36.35720652,4
1,35,34,46.69536813,6.27339822,92.21318555,9
78,37,22,63.31801994,6.330554389,74.52082026,1
6,18,37,89.93701023,5.937649577999999,108.0458926,7
120,23,55,91.60666594,6.732049075,26.47844429,11
12,27,26,45.5661059,5.32307197,96.23520043,9
28,23,28,50.09831810000001,5.676032581,96.08745082,9
5,19,25,54.43945147,6.441328044,96.27792547,9
90,14,52,89.20454622,6.391858432,59.67927244,10
83,11,53,92.91778307,6.163921247999999,21.9653077,11
40,49,17,45.89239456,6.68727523,53.56783314,3
61,41,17,65.26185135,6.021902237000001,76.68456006,1
120,20,34,50.56339727,6.906124587000001,130.3797119,17
115,31,30,67.37768353,6.840927967000001,122.4073418,17
27,57,24,43.35795962,6.09186275,142.33036769999995,2
31,29,35,92.19906776,6.137102505,141.3220576,14
30,61,18,67.02664337,6.157782589,52.50812701,6
11,10,45,88.45577158,6.397995609,109.0357597,7
1,15,9,94.55239717,7.53350946,115.3560318,12
34,15,34,91.10510371,5.677282677999999,224.70069530000004,14
99,12,52,94.30759855,6.002927293,22.21807088,11
60,55,36,80.49172597,7.132389299,150.6326874,16
75,56,44,73.7459581,6.109478059,168.0432282,16
67,46,44,78.20392774,7.093328631,153.91998069999997,16
4,69,19,47.70351758,5.374358869,149.063196,2
37,50,23,88.48587386,6.5304707,56.01913159,4
40,27,45,94.79397419,5.885638185,112.4349689,7
11,72,22,44.82294584,6.842744374,172.40168,2
90,16,45,80.61750795,6.291540277999999,50.55710813,10
78,58,15,67.816568,6.5286312660000005,62.91359494,1
17,52,17,86.45147631,6.364967184,44.64407105,4
9,10,10,93.52211892,6.010391864,101.5164589,12
114,20,26,62.67087838,7.27905689,193.5866233,17
25,48,21,83.48991368,6.267684328,52.55469976,4
72,45,35,82.94682591,5.758506323,195.3574542,0
24,44,17,80.03499648,6.666380512000001,50.66487502,4
0,26,31,95.02156793,5.547933273,192.9036306,14
12,29,13,91.52781832,7.57125447,118.0069295,12
101,75,50,81.40740301,6.242528277999999,109.9825551,8
38,19,31,49.08864345,5.855119267999999,90.65022183,9
105,93,46,78.76260938,5.760457558,108.3690513,8
5,23,15,92.04670813,7.408939392000001,112.5424199,12
28,69,16,66.29327012,6.547361617999999,35.69674138,6
38,14,30,91.20106019,5.5707453860000005,194.9022136,14
85,25,47,87.64081095,6.29542477,58.48160844,10
133,57,19,75.98203329,7.947011366,84.12536744,15
126,37,21,84.16855231,6.61448588,77.03421249,15
39,57,19,45.93248374,6.421748487,165.4113371,2
106,46,20,78.63388824,6.2006719760000015,81.15072105,15
67,43,38,70.88259632,7.299304715,195.8645552,16
79,43,39,80.70960551,7.062779015,210.8142087,0
14,74,15,65.57653373,6.493036868,49.94043064,6
1,12,30,95.94643831,5.56222383,131.09000759999998,14
25,21,11,90.15406807,6.460044777999999,104.7052254,12
27,21,30,52.48823147,5.061081874,91.22881052,9
55,60,15,68.77994074,7.163043872,64.11411069,5
20,67,19,50.54495302,5.671419084,180.6465282,2
26,9,32,94.73860514,6.470465614,144.15711090000005,14
33,59,19,62.74710773,7.641024177,49.55213308,6
95,12,46,81.01009354,6.32281728,54.65423596,10
60,54,19,62.49878458,6.417820493,70.23401597,1
60,59,22,66.74217464,7.191522601,74.22238583,5
96,13,55,94.57459443,6.700337732,21.13545688,11
84,39,35,52.13864034,6.959404135,117.3113562,17
93,56,36,82.05687182,6.98435366,185.2773389,0
52,63,19,68.32176769,6.928898659,67.53021213,5
120,48,16,75.40989245,7.456971816,71.85436078,15
82,24,26,53.57285558,6.089443602999999,184.4103931,17
6,77,20,60.2816298,6.058306161,49.14337177,6
83,95,50,77.79913575,5.50947065,108.8547508,8
44,60,55,90.55561637,6.825371185,98.54047745,13
14,19,14,94.35815354,6.699164936,108.0638166,12
106,21,35,57.04151119,7.4285236339999985,188.5506536,17
81,16,45,86.25426228,6.727468157000001,59.75980023,10
108,89,53,78.06762846,5.808497603999999,99.34482238,8
100,80,52,77.25629897,6.049801781,110.3262123,8
104,25,51,93.88482153,6.469983276000002,23.56130173,11
77,52,41,83.46409075,6.097294061,167.72306319999996,16
93,22,52,81.32563243,6.932739726,41.87540028,10
34,66,19,60.18122078,7.586642101,73.44678678,5
28,45,23,80.29868321,6.489259136,56.76278363,4
91,75,55,76.11239849,6.212369363,109.2768851,8
84,55,38,79.78725152,6.956682742999999,173.1017097,16
14,75,24,57.3414485,6.436160044,118.3606557,2
24,6,32,90.01734526,6.387067562,172.48136409999995,14
118,13,54,89.81574032,6.039584629,44.07843475,10
39,70,15,63.90164154,6.366355781,47.9271552,6
111,87,48,81.36028902,5.571401169,98.16752001,8
63,42,21,72.33125523,5.798423907999999,67.10225139,1
117,37,32,67.06230539,6.787658922,162.57696059999995,17
119,30,49,80.45846265,6.903020221,47.72078245,10
23,39,22,81.97952224,6.86483915,42.02483277,4
108,23,51,83.85039964,6.106500787000001,40.228644,10
8,23,38,87.1775172,7.005410734,105.4766591,7
112,73,48,77.32017166,5.7074889870000005,90.66727868,8
27,62,24,66.770943,7.353876754,62.2737345,5
20,29,27,92.36099489,6.047044342,157.7592626,14
5,29,44,93.0569505,5.578095745,104.7847006,7
36,43,22,87.16679147,6.3898821660000005,58.37249772,4
87,35,25,63.1621551,6.178056304,65.88951188,1
21,26,27,47.67525434,5.6995869720000005,95.85118326,9
16,10,41,85.63608688,6.738993954,105.7595811,7
119,9,50,83.9195902,6.251286661,40.794305,10
10,9,28,94.01014388,6.282955072999999,150.05003119999995,14
95,27,55,91.21322065,6.160414414,20.88620369,11
97,22,26,59.68849145,6.074190142000001,185.1568059,17
109,79,45,79.68542782,6.490074429,108.66464,8
111,32,34,69.35161206,6.392048018,171.37644619999998,17
10,37,22,89.12760359,7.069747813999999,58.52974279,4
25,27,41,94.27659596,6.9235093710000015,108.0423555,7
89,25,50,91.34685096,6.375923383,25.08146686,11
13,75,20,35.29006485,6.979540061,178.8998611,2
34,60,25,85.16906976,6.79385576,40.77872823,4
21,9,40,90.64498715,5.956401828,105.6209954,7
81,18,50,80.91934337,6.507110986,47.81847573,10
24,21,42,87.22815682,6.999014379,109.4429934,7
61,44,17,71.57476937,6.931756557999999,102.2662445,1
22,11,29,95.01630593,5.955742971,218.0055713,14
4,40,26,48.56916221,6.720041791,95.8445641,9
21,38,21,86.45193297,6.637677489,37.54602719,4
40,11,44,86.10874614,6.322396027000001,111.3779693,7
61,53,43,81.05635517,6.349606327,223.3671883,0
83,38,35,52.88667115,7.18915558,136.73250919999998,17
82,24,33,67.09608099,6.809593554,120.6494434,17
65,60,22,72.52054555,6.6069840860000015,107.9124111,1
108,94,47,84.54625006,6.387431382999999,90.81250457,8
116,28,34,60.39523266,6.42321105,122.2103248,17
95,39,29,55.99375012,7.13411409,148.98125249999995,17
22,37,20,86.49366929,6.605733067999999,39.26137642,4
22,56,17,87.32761241,6.89077995,44.75215854,4
111,15,54,92.91185695,6.194090172,22.06207161,11
27,8,32,96.46168931,5.627860548999998,144.3331315,14
9,35,20,80.98004661,6.91380932,40.53173216,4
82,23,49,87.21986949,6.873283991,51.70497792,10
15,36,27,53.96886679,5.6437102160000014,91.01152997,9
91,7,53,89.28272716,6.457216535,43.52897517,10
91,84,52,78.71024836,6.390741836,117.536781,8
106,70,55,78.52399914,5.74055541,116.3019555,8
117,56,15,77.0543546,7.368258226,89.1188212,15
60,37,39,82.94164078,6.033485257000001,161.2469997,16
3,27,44,92.03009222,6.591302797000001,110.9633894,7
94,91,51,76.67484233,5.6180944460000015,109.575944,8
75,36,44,74.27607475,6.613341342999999,153.7447398,16
101,17,47,94.72981338,6.185053234,26.30820876,11
84,7,51,87.65694462,6.399669044,55.74073582,10
98,18,27,68.49299897,6.516312148,167.43580749999995,17
36,25,33,53.33018851,5.548584852,99.61465679,9
40,18,43,86.79058496,5.767372539,109.91309840000002,7
9,25,41,91.90842992,5.972714857000001,109.2853418,7
63,43,19,55.53128131,6.641906353,90.988051,1
39,64,52,94.63676767,6.678695788,63.68794608,13
117,34,25,56.7685316,7.21270048,124.4135035,17
26,37,30,49.45962621,6.166173833999999,97.41054011,9
84,44,21,61.91044947,5.850439831,107.2681929,1
20,40,15,88.07505524,7.199495367999999,45.04467075,4
26,54,17,88.9570454,6.27258822,49.4897245,4
20,60,22,42.89833235,6.876572502999999,186.9226052,2
95,23,45,90.56698742,6.266208727,21.19014526,11
117,79,49,82.36208097,6.176644228,112.9794804,8
100,58,41,87.88255345,6.6587699910000016,160.6217342,16
5,65,19,68.10365387,6.978361689,48.80253285,6
21,63,22,67.72837887,6.859409487000001,74.61649888,5
23,70,15,63.11296779,7.403623355,60.41790253,5
2,40,27,47.54885174,5.954626604,90.09586854,9
13,23,6,90.26408017,7.365338111,102.6958703,12
111,39,22,80.35090459999998,6.135025006,88.57395505,15
21,23,42,90.29751796,6.902751061,104.3739878,7
28,37,28,50.52559148,6.097869767000001,98.63333684,9
44,55,25,65.91359954,7.42160832,71.16331975,5
82,48,36,81.76904006,6.352076782999999,193.2418382,16
85,21,52,90.10051615,6.0751441160000015,23.69586761,11
112,17,28,61.26002598,6.777417989,196.6492664,17
22,18,33,52.48100602,6.621623545,93.92375879,9
4,61,21,60.09116626,6.75020529,48.77790371,6
108,22,47,91.72742702,6.161123579,25.1290048,11
70,38,35,79.26861738,7.014063944,164.2697011,16
38,6,25,96.92786777,6.156259104,191.2996157,14
34,34,35,47.16808054,6.422710539,95.257992,9
18,27,41,92.30882391,7.175344328,104.8216333,7
93,43,38,86.14290267,6.987332927000001,150.2355238,16
113,85,45,76.63713353,6.037430836,109.0921631,8
98,8,51,86.52258079,6.25933595,49.43050977,10
8,7,10,91.98317355,6.929216014,105.2132259,12
36,43,21,84.8593608,7.140437859,52.93031105,4
101,11,51,84.24340241,6.792035575,44.2068997,10
91,38,36,77.17331847,7.287318722999999,157.8548562,16
24,27,34,95.11320315,6.203376525,145.0583117,14
93,81,50,76.57853189,6.0360792660000016,102.2099836,8
44,63,15,64.51136845,7.338929556,63.46546487,5
94,39,18,57.48775781,5.893093135,102.8301942,1
26,68,24,64.07691942,7.504930973,37.15824966,6
80,15,28,68.00096043,6.703270635,161.8944624,17
111,50,15,80.30351815,7.884550475,84.62419032,15
8,15,33,98.09861043,5.50158009,213.9011021,14
113,20,48,94.87679041,6.440584681,27.27899847,11
28,6,40,91.34039616,6.769855664,106.8704803,7
90,40,39,81.86171563,6.626503893,191.9649389,16
78,35,44,84.67353597,7.072655622,183.6222657,0
40,5,29,97.76865458,5.820978791,160.389421,14
60,46,22,65.61418761,6.625404347999999,87.9298085,1
67,43,39,84.96907151,5.9999690260000005,186.7536773,0
116,71,47,82.0638878,6.435785799,91.34276507,8
14,25,40,90.97819712,6.407872061,103.7084055,7
76,48,18,69.63481219,5.77597783,83.21030571,1
90,42,43,82.00274423,6.502985292000001,202.9355362,0
83,21,28,60.49244602,7.466900682999999,190.2257843,17
115,11,46,89.39655519,6.623167177000001,40.32161859,10
24,70,16,68.93307305,6.54803469,35.03484812,6
49,68,22,61.53278622,7.127064207,63.49726331,5
12,20,10,93.10527686,6.528354932,109.4711098,12
113,6,52,90.35567642,6.740983646,25.21609113,11
117,27,48,82.39053979,6.835268183999999,54.30660782,10
130,59,19,82.50257909,6.520403794,93.51042684,15
85,21,47,90.60932469,6.186770318,24.69720481,11
50,64,25,63.37230676,6.734447425,70.25496749,5
31,72,17,49.47225353,5.833031707999999,96.36222901,2
78,50,43,85.72530641,6.348441469,159.5718087,16
65,63,50,91.3256535,6.524459342,79.27201575,13
101,10,47,83.31883376,6.936997681,57.57343233,10
28,27,34,50.69693751,6.526654345,95.04871605,9
29,70,15,63.54718862,6.872594461,74.16699119,5
80,77,49,79.39654531,5.519088423,113.2297373,8
27,71,24,48.17631461,7.064973419,165.40535400000005,2
80,16,46,81.40297428,6.940236218,48.47833278,10
21,44,18,86.89934108,7.12851089,50.46746116,4
38,24,33,97.00396405,5.973853124,142.9403233,14
22,26,38,85.12912161,6.988035315,110.2437841,7
98,26,49,90.53330091,6.130160472999999,23.49535234,11
112,25,51,85.5667282,6.932537231,56.72496677,10
87,14,48,92.58862544,6.606033244,29.1102594,11
120,20,45,88.6984228,6.114128685,54.22722466,10
98,25,52,83.15393658,6.224066378,49.29456609,10
40,68,17,65.14877461,7.733149554,70.40795007,5
29,22,43,87.95158129,5.561851831,106.0380805,7
116,56,17,77.7293114,7.979090365,85.24963302,15
37,24,13,90.71037456,7.8546243,108.0230792,12
15,45,23,61.43378674,7.224193642,46.0203959,3
69,51,23,72.85462807,6.80163854,106.6213157,1
63,41,45,86.88705350000002,7.121933578999999,196.6249511,16
34,21,42,89.93457597,6.648687273999999,111.0196744,7
16,77,22,35.6395615,6.574209678,100.546816,2
29,57,20,50.7330069,5.87707519,53.39249517,3
9,16,36,92.93386903,5.893332377999999,106.977723,7
106,21,52,94.78993038,6.286515359,23.0362503,11
120,60,15,83.86129998,7.288377241,65.35747011,15
21,21,38,89.32594859999998,6.327673765,104.8955643,7
82,25,51,87.47409052,6.074209622000001,48.11248366,10
17,18,43,90.83687246,5.843005428,103.1969341,7
61,41,35,79.47557931,6.842966478999998,195.7571622,16
71,35,24,59.52193158,5.826426917,67.96704792,1
118,31,34,62.88179198,6.123796057000001,181.4170812,17
107,34,32,66.4132686,6.78006386,177.7745075,17
78,43,42,83.00320459,7.283736617000001,192.3197536,0
7,73,25,63.13215259,7.28805662,45.20841071,6
18,57,21,63.93927841,6.155915975,49.47371773,6
37,36,27,47.90859131,5.910634533,90.40332704,9
100,52,19,82.44777468,7.903528672999999,93.50153555,15
58,71,15,67.58618829999999,6.919243702,74.01229707,5
77,52,17,65.7420046,5.714799723,75.82270467,1
41,62,15,64.14928485,7.358974541,65.24194361,5
38,21,35,89.38003827,5.841367187,110.9653137,7
106,85,53,78.80860679999998,5.91505509,99.72430835,8
40,45,18,55.20522037,5.261285926,30.92014047,3
32,79,22,63.46170674,5.91645379,54.37814199,6
21,80,20,68.27085245,7.350869792,64.32887142,5
29,45,16,87.91332682,6.583381939,43.12063289,4
98,43,35,76.44048625,7.319952206,188.6372826,16
111,29,31,52.31098539,6.136286518,161.3432535,17
84,36,28,55.55164819,6.119892347,140.63052130000003,17
31,6,26,91.30924833,5.741367375,157.2388553,14
29,21,45,93.13277,6.749260456,105.2240743,7
118,88,52,82.68752542,5.8431631610000005,98.75084366,8
13,22,5,90.50096668,7.764040111,100.1737964,12
101,92,45,80.64303840000002,5.758054257,98.00403016,8
10,18,35,99.64573002,6.381975465,181.6942283,14
107,51,22,78.22080815,5.983075895,79.56866268,15
120,87,52,76.05522115,5.905494703,118.99235729999998,8
27,10,33,97.48410555,6.465906333,154.06212209999995,14
20,8,12,94.96419851,7.260416405,117.9733424,12
20,72,19,64.34848735,7.397190844,65.82045699999999,5
28,70,21,60.4989659,7.437373666,39.18374505,6
2,78,23,66.43934593,7.320514721,45.42616802,6
36,80,21,48.41490082,7.066087261,100.4673278,2
133,47,23,75.62137159,6.827354668,89.76050416,15
70,44,19,73.4541537,5.852607099,94.29712821,1
17,11,32,93.39676499,5.620733794,156.76508230000005,14
20,23,11,90.12220323,6.407715561,109.9455062,12
7,74,17,62.56532471,5.667419697000001,96.74706956,2
20,45,17,83.69659318,6.770955317,37.2464655,4
123,44,21,75.00539324,7.6411165689999985,91.39578861,15
8,59,18,35.72032498,6.216814453,187.8961851,2
16,35,31,50.19368841,5.316875978000001,95.99487068,9
119,25,51,80.92254421,6.283818329,53.65742581,10
0,12,7,90.65458473,6.969249676,116.8130969,12
96,41,40,72.00460848,6.090060478,190.4242157,16
38,14,37,94.63612858,6.658402594,102.6488846,7
74,54,38,83.47021081,7.120272972,217.3788583,0
99,70,46,82.99556744,5.727469947,100.5123341,8
27,64,21,68.68401492,7.543804222999999,73.67166182,5
37,10,32,95.16333673,6.165084855,222.803013,14
22,44,24,56.32938343,6.030447288,58.99536268,3
135,43,16,81.73049149,6.720449769,86.76287924,15
34,68,51,94.17756725,6.687088097999999,40.35153141,13
29,11,5,91.94670335,7.639788459,104.4224145,12
11,44,17,55.59160391,8.016210782,35.1051197,3
95,55,42,82.1480873,5.950660556,193.3473987,0
45,58,49,90.34546355,6.827812549,75.24521981,13
19,57,23,47.2879691,7.342409555,141.12507219999995,2
13,16,8,93.12316972,6.949838549,100.1967854,12
83,9,45,89.13163965,6.049609892,46.85176955,10
2,72,18,60.97876599,7.836719564,50.89110726,6
33,14,35,96.66355213,6.027707171,149.2433497,14
88,46,42,83.46358271,6.604993475,194.2651719,0
38,60,20,60.63872613,7.491217102,46.80452595,6
32,56,21,88.66663953,6.702772465,58.29933073,4
39,70,52,90.79668055,6.65149129,59.49373381,13
12,34,28,45.02236377,6.13526938,98.81596545,9
107,38,29,57.56695719,6.35118177,145.105065,17
96,18,50,84.30533791,6.904241707000001,41.53218699,10
99,15,27,56.63636248,6.086922359,127.92461000000002,17
36,66,15,69.34811988,6.668238556,67.1367443,5
82,46,41,79.79609448,6.581693772,187.3096148,16
90,39,43,82.286484,6.7693455,190.9684885,16
5,56,24,45.01110015,5.023115055,188.4928637,2
83,10,53,85.00802358,6.195142279,48.75859458,10
85,35,32,54.28617819,6.854011265,133.1120232,17
129,43,16,77.85055621,6.73210948,78.58488484,15
109,12,48,92.12534736,6.708743843,20.76212031,11
92,20,55,87.52676159999999,6.5877912620000005,59.26519444,10
18,12,35,96.38580769,6.338720873,131.3387935,14
21,74,15,67.10604388,6.471862118,153.2504506,2
107,5,52,89.98405233,6.8814257460000015,57.40847165,10
30,17,31,54.49960506,6.804437106,94.62954663,9
59,63,18,60.13263713,6.52669158,66.69096751,5
102,28,54,80.27525115,6.862157042000001,55.49541453,10
68,58,38,83.03322691,6.336253525,221.2091958,0
87,23,28,62.26594559,6.979590627,193.7461968,17
85,89,51,84.70189923,6.1581644220000005,108.5501443,8
87,6,45,90.79007335,6.40077205,22.84203589,11
13,67,18,34.75591197,5.384762927000001,177.5764304,2
81,30,31,51.93952357,7.027585558999999,135.1386537,17
98,79,50,84.47321314,6.435917308,91.06493353,8
84,29,49,93.90741192,6.251420275,20.39020503,11
112,49,25,77.90621048,6.470135478,66.19426787,15
38,36,21,84.8845732,6.5563729660000005,36.12042927,4
30,64,20,61.57072498,6.573531614,68.02199825,5
21,62,24,62.73317204,6.8473828910000005,65.45328463,5
19,21,34,53.19212381,5.074272692,97.72843182,9
39,7,29,94.59086121,6.362544111,150.2012138,14
26,66,22,65.1034354,6.300479414,51.54922825,6
33,12,15,92.03272799,6.052318465,116.7173125,12
95,37,35,68.42333909999999,6.348337518999998,192.4288139,17
38,62,25,67.77954584,7.453975408,63.37784443,5
71,54,16,63.69070564,5.7499144210000015,87.75953857,1
31,56,23,35.39454002,5.661826398,174.5723999,2
36,27,26,95.78923137,6.25449571,171.6262299,14
32,20,35,98.38227669,5.588655387,144.6261698,14
27,24,29,96.97300803,6.142010637,191.006688,14
131,60,17,81.79475917,7.4250413160000015,83.46532547,15
81,49,20,60.61494304,5.513697923,104.2321615,1
63,47,35,89.05587886,7.432768147000001,193.8778713,16
118,33,30,67.22512329,6.362607851,173.32283859999995,17
17,67,18,56.46868874,5.611510977000001,129.20286529999998,2
101,25,52,94.22237826,6.750145572,22.52497327,11
94,70,48,84.88394407,6.195152442,91.46442491,8
40,17,15,90.9492967,7.871063004,107.0862095,12
88,5,47,86.67468041,6.662244646,41.16554802,10
20,28,26,91.49882979,5.547594847,167.0470997,14
70,68,45,92.85470152,6.991626158,203.4044028,13
76,57,18,74.52600826,6.092725883,94.26249353,1
62,59,41,74.89465426,7.175170657000001,192.4931257,16
31,60,24,65.8567539,7.722335992,51.92057267,6
100,48,17,83.03878838,7.827877817999999,66.26555904,15
90,92,55,80.18546798,6.13465588,97.32531705,8
99,40,32,69.94807345,7.0455430560000005,163.27087319999995,17
97,8,52,86.97190046,6.237861736,49.48575692,10
32,55,51,93.15642801,6.57398033,62.68710535,13
66,44,20,69.02298571,6.740000687999999,80.72515943,1
12,71,19,60.71367427,7.142611056000002,42.19740397,6
31,5,14,91.69865887,6.583411671,110.6857506,12
132,41,22,81.02453404,7.810865753,90.41694635,15
15,28,32,99.64328526,6.2185718739999984,224.4016682,14
119,7,55,84.6378378,6.031424482,44.3993381,10
108,24,31,56.18107663,6.431899747999999,147.27578180000003,17
14,21,35,91.91185319,6.121005506,194.3100272,14
105,56,15,81.97904282,7.272316208999999,74.14169043,15
86,31,35,60.76645256,6.485761419,191.4508931,17
28,65,23,61.88871127,7.405176138,74.24459122,5
29,76,15,64.2020154,7.0256077060000015,69.68862306,5
16,65,19,69.29786244,7.043160241,42.72374404,6
18,9,40,89.02127045,5.627186257000001,106.1606833,7
2,30,30,94.79998418,6.331051715,209.540094,14
37,49,25,85.85384444,6.415459592,41.39081525,4
23,5,44,94.26304717,7.16300467,107.5660804,7
40,55,18,40.5926071,7.115994051,47.95406479,3
36,56,20,49.66474269,7.437078236,31.87416982,3
113,28,48,92.48839665,6.170520517999999,24.44267592,11
80,45,42,74.99739774,7.380396262,151.9035477,16
42,79,23,63.29103387,6.781841984,68.56507978,5
83,15,49,91.39356832,6.438008152999999,23.20076686,11
113,33,34,62.144510200000006,6.559817161000002,153.477776,17
47,46,52,91.40301608,6.502289472999999,206.3999208,13
42,58,25,62.90020977,6.513620917999999,69.46020927,5
106,20,51,90.97015715,6.342573112,20.49035619,11
95,16,55,87.55055105,6.612847999,40.12650421,10
7,16,9,92.04304496,7.813916602999999,114.6659511,12
29,35,28,53.53903102,6.9674177660000005,90.40260445,9
21,72,17,66.55723677,7.580527339,61.71111448,5
2,47,15,85.99127934,6.401455706,58.41394143,4
8,28,37,86.20613842,6.082571701,108.3121789,7
61,38,20,62.69503871,5.970458434,65.43835393,1
18,21,35,94.94330457,6.368560522,111.1382096,7
49,54,50,93.18240298,6.762522087000001,97.26336657,13
